model,train_id,class_name,gt_support,prediction_support,true_positive,false_positive,false_negative,iou_fraction,iou_percent,precision_fraction,recall_fraction,f1_dice_fraction
CGFormer DAV2 prior,0,empty,4517581164,5031293171,4338738828,692554343,178842336,0.8327497091334288,83.27497091334288,0.8623506284643018,0.9604119263146459,0.9087435179866151
CGFormer DAV2 prior,1,road,10544769,11629495,356788,11272707,10187981,0.016353312362988277,1.6353312362988277,0.030679578090020247,0.033835544429659865,0.032180369098158114
CGFormer DAV2 prior,2,walkway,13095470,9657685,98871,9558814,12996599,0.00436434009567462,0.436434009567462,0.010237546575602746,0.007550015387000238,0.008690750799174883
CGFormer DAV2 prior,3,dirt,2388765,5154303,43227,5111076,2345538,0.005763722190910447,0.5763722190910447,0.00838658495629768,0.01809596172080552,0.011461384147670417
CGFormer DAV2 prior,4,gravel,2657293,17491644,104199,17387445,2553094,0.005198321873800496,0.5198321873800495,0.005957072988679623,0.03921246170444885,0.010342878137938492
CGFormer DAV2 prior,5,rock,148455,32604150,5396,32598754,143059,0.00016477740133517943,0.016477740133517944,0.00016550040408966343,0.03634771479572935,0.0003295005084328407
CGFormer DAV2 prior,6,grass,14826498,31537495,1619424,29918071,13207074,0.03619263826186369,3.6192638261863688,0.05134916390791342,0.10922498353960591,0.06985696853159304
CGFormer DAV2 prior,7,vegetation,5404763,14208993,283858,13925135,5120905,0.014684919703145873,1.4684919703145873,0.01997734814845781,0.05251997173604097,0.028944787525652913
CGFormer DAV2 prior,8,tree,6429748,27223892,2108656,25115236,4321092,0.06684599998529085,6.684599998529086,0.07745608159186056,0.32795313284439764,0.12531518135928238
CGFormer DAV2 prior,9,ground_obstacle,15318089,25328866,212153,25116713,15105936,0.005246792107452387,0.5246792107452387,0.008375937556778104,0.013849834662796384,0.010438813928374216
CGFormer DAV2 prior,10,person,863,0,0,0,863,0.0,0.0,,0.0,0.0
CGFormer DAV2 prior,11,bicycle,39028,71835,0,71835,39028,0.0,0.0,0.0,0.0,0.0
CGFormer DAV2 prior,12,vehicle,2906439,2666395,188919,2477476,2717520,0.03508952128701883,3.508952128701883,0.07085184303150883,0.06500015998959552,0.06779997394503406
CGFormer DAV2 prior,13,water,0,550287,0,550287,0,0.0,0.0,0.0,,0.0
CGFormer DAV2 prior,14,building,679808594,29457256,18028079,11429177,661780515,0.026080865016851053,2.608086501685105,0.6120080906381775,0.026519345532133712,0.050835886149037064
CGFormer DAV2 prior,15,roof,18763526,31548794,640594,30908200,18122932,0.012896552054583326,1.2896552054583326,0.020304864902284378,0.034140384914860884,0.0254646973146935
CGFormer DAV2 prior,16,cable,19866,0,0,0,19866,0.0,0.0,,0.0,0.0
CGFormer DAV2 prior,17,cable_tower,0,0,0,0,0,,,,,
CGFormer DAV2 prior,18,parking_lot,14342761,19422905,508660,18914245,13834101,0.015294822390205541,1.529482239020554,0.02618866745216537,0.03546458035520497,0.030128829681606163
CGFormer DAV2 prior,19,construction,1626184,13706835,15902,13690933,1610282,0.001038184927359372,0.1038184927359372,0.0011601511216849112,0.00977872122711821,0.002074216434480385
CGFormer DAV2 prior,20,crane,0,0,0,0,0,,,,,
CGFormer DAV2 prior,21,truck,256829,2605103,5831,2599272,250998,0.0020415944674225454,0.20415944674225453,0.0022382992150406338,0.022703822387658716,0.004074869703403155
"FSSC RGB context DPT, depth FiLM-DPT",0,empty,4517581164,4763761493,4315999450,447762043,201581714,0.8692247987843874,86.92247987843874,0.9060066202604908,0.9553783968274046,0.9300377347333185
"FSSC RGB context DPT, depth FiLM-DPT",1,road,10544769,17109921,981854,16128067,9562915,0.03681100877312034,3.681100877312034,0.057385069165427474,0.09311289796865156,0.07100813641375116
"FSSC RGB context DPT, depth FiLM-DPT",2,walkway,13095470,11018778,375265,10643513,12720205,0.015807964477669495,1.5807964477669496,0.03405686184075948,0.028656092526652348,0.031123923084808616
"FSSC RGB context DPT, depth FiLM-DPT",3,dirt,2388765,1020437,4421,1016016,2384344,0.0012984682421571315,0.12984682421571314,0.00433245756474922,0.001850747143398367,0.002593568817570798
"FSSC RGB context DPT, depth FiLM-DPT",4,gravel,2657293,3878430,46725,3831705,2610568,0.007200649468531197,0.7200649468531197,0.012047400623448147,0.017583683846681568,0.01429834159128225
"FSSC RGB context DPT, depth FiLM-DPT",5,rock,148455,1627426,467,1626959,147988,0.00026303724089142024,0.026303724089142024,0.00028695621183390214,0.003145734397628911,0.000525936140991429
"FSSC RGB context DPT, depth FiLM-DPT",6,grass,14826498,31577788,1360805,30216983,13465693,0.030210919977521275,3.0210919977521273,0.04309374044819099,0.09178195687208132,0.05864997039282104
"FSSC RGB context DPT, depth FiLM-DPT",7,vegetation,5404763,8754600,144067,8610533,5260696,0.010279269164204595,1.0279269164204594,0.016456148767505084,0.026655562880370517,0.02034936176154252
"FSSC RGB context DPT, depth FiLM-DPT",8,tree,6429748,12353703,1860700,10493003,4569048,0.10995257213203692,10.995257213203692,0.15061880636113723,0.28938925755721684,0.19812120786537044
"FSSC RGB context DPT, depth FiLM-DPT",9,ground_obstacle,15318089,29076873,62705,29014168,15255384,0.0014144328361175025,0.14144328361175024,0.0021565248780362318,0.004093526287776497,0.002824870083231516
"FSSC RGB context DPT, depth FiLM-DPT",10,person,863,6252,0,6252,863,0.0,0.0,0.0,0.0,0.0
"FSSC RGB context DPT, depth FiLM-DPT",11,bicycle,39028,17571,0,17571,39028,0.0,0.0,0.0,0.0,0.0
"FSSC RGB context DPT, depth FiLM-DPT",12,vehicle,2906439,4169447,310224,3859223,2596215,0.045852719216537864,4.585271921653787,0.07440411162439527,0.10673680060032226,0.08768484964285744
"FSSC RGB context DPT, depth FiLM-DPT",13,water,0,283841,0,283841,0,0.0,0.0,0.0,,0.0
"FSSC RGB context DPT, depth FiLM-DPT",14,building,679808594,386870621,264428789,122441832,415379805,0.32960878602263277,32.96087860226328,0.6835070296020229,0.3889753547305111,0.495798146774614
"FSSC RGB context DPT, depth FiLM-DPT",15,roof,18763526,20946771,441295,20505476,18322231,0.011237744213616634,1.1237744213616634,0.021067447579390636,0.023518767208252862,0.022225721454563786
"FSSC RGB context DPT, depth FiLM-DPT",16,cable,19866,46307,0,46307,19866,0.0,0.0,0.0,0.0,0.0
"FSSC RGB context DPT, depth FiLM-DPT",17,cable_tower,0,0,0,0,0,,,,,
"FSSC RGB context DPT, depth FiLM-DPT",18,parking_lot,14342761,12660287,700534,11959753,13642227,0.026633727863427808,2.663372786342781,0.0553331847848315,0.048842339351537686,0.051885550105306634
"FSSC RGB context DPT, depth FiLM-DPT",19,construction,1626184,957881,1828,956053,1624356,0.000707913332509758,0.07079133325097581,0.0019083790157650062,0.001124104037427499,0.0014148250914740922
"FSSC RGB context DPT, depth FiLM-DPT",20,crane,0,5064,0,5064,0,0.0,0.0,0.0,,0.0
"FSSC RGB context DPT, depth FiLM-DPT",21,truck,256829,15613,0,15613,256829,0.0,0.0,0.0,0.0,0.0
FSSC-VoxDet V1 — FSSC RGB-context/DPT + FiLM-DPT depth + spatial encoder + VoxDet TDP/VoxNT,0,empty,4517581164,4696386601,4303560141,392826460,214021023,0.8764160677753134,87.64160677753135,0.9163555956154982,0.9526248637865092,0.934138310608687
FSSC-VoxDet V1 — FSSC RGB-context/DPT + FiLM-DPT depth + spatial encoder + VoxDet TDP/VoxNT,1,road,10544769,17114475,866205,16248270,9678564,0.03232947930990583,3.232947930990583,0.050612420188174044,0.08214546947401123,0.06263403294753826
FSSC-VoxDet V1 — FSSC RGB-context/DPT + FiLM-DPT depth + spatial encoder + VoxDet TDP/VoxNT,2,walkway,13095470,14028128,393767,13634361,12701703,0.014731368859009995,1.4731368859009994,0.028069818011355472,0.03006894750627507,0.029035012242844774
FSSC-VoxDet V1 — FSSC RGB-context/DPT + FiLM-DPT depth + spatial encoder + VoxDet TDP/VoxNT,3,dirt,2388765,1145531,6276,1139255,2382489,0.0017789014801503392,0.17789014801503392,0.005478681938769008,0.0026272990436480774,0.0035514852179896646
FSSC-VoxDet V1 — FSSC RGB-context/DPT + FiLM-DPT depth + spatial encoder + VoxDet TDP/VoxNT,4,gravel,2657293,3210188,24390,3185798,2632903,0.004174160559881747,0.4174160559881747,0.007597685867618968,0.009178513622697986,0.008313618740307808
FSSC-VoxDet V1 — FSSC RGB-context/DPT + FiLM-DPT depth + spatial encoder + VoxDet TDP/VoxNT,5,rock,148455,673163,126,673037,148329,0.00015337946078598452,0.015337946078598452,0.00018717606285550455,0.0008487420430433464,0.00030671187826946343
FSSC-VoxDet V1 — FSSC RGB-context/DPT + FiLM-DPT depth + spatial encoder + VoxDet TDP/VoxNT,6,grass,14826498,27522461,946086,26576375,13880412,0.022850733088015412,2.2850733088015414,0.03437505098108777,0.06381048309587335,0.044680484353818474
FSSC-VoxDet V1 — FSSC RGB-context/DPT + FiLM-DPT depth + spatial encoder + VoxDet TDP/VoxNT,7,vegetation,5404763,7312389,134195,7178194,5270568,0.010664822267134824,1.0664822267134824,0.018351731561326946,0.024829025805571864,0.021104568066812445
FSSC-VoxDet V1 — FSSC RGB-context/DPT + FiLM-DPT depth + spatial encoder + VoxDet TDP/VoxNT,8,tree,6429748,7836178,1595259,6240919,4834489,0.12590173824314063,12.590173824314062,0.20357615664166895,0.24810599109016404,0.2236460500355883
FSSC-VoxDet V1 — FSSC RGB-context/DPT + FiLM-DPT depth + spatial encoder + VoxDet TDP/VoxNT,9,ground_obstacle,15318089,19945868,44072,19901796,15274017,0.0012513385549101027,0.12513385549101028,0.0022095804504471805,0.0028771212910435498,0.0024995493273769587
FSSC-VoxDet V1 — FSSC RGB-context/DPT + FiLM-DPT depth + spatial encoder + VoxDet TDP/VoxNT,10,person,863,32571,0,32571,863,0.0,0.0,0.0,0.0,0.0
FSSC-VoxDet V1 — FSSC RGB-context/DPT + FiLM-DPT depth + spatial encoder + VoxDet TDP/VoxNT,11,bicycle,39028,14500,0,14500,39028,0.0,0.0,0.0,0.0,0.0
FSSC-VoxDet V1 — FSSC RGB-context/DPT + FiLM-DPT depth + spatial encoder + VoxDet TDP/VoxNT,12,vehicle,2906439,3529559,267803,3261756,2638636,0.04341675319927467,4.341675319927467,0.07587435144163902,0.09214127666192203,0.08322034904299225
FSSC-VoxDet V1 — FSSC RGB-context/DPT + FiLM-DPT depth + spatial encoder + VoxDet TDP/VoxNT,13,water,0,893519,0,893519,0,0.0,0.0,0.0,,0.0
FSSC-VoxDet V1 — FSSC RGB-context/DPT + FiLM-DPT depth + spatial encoder + VoxDet TDP/VoxNT,14,building,679808594,467888402,325878483,142009919,353930111,0.3965333925253154,39.65333925253154,0.6964876274065028,0.4793679954566741,0.5678824361059842
FSSC-VoxDet V1 — FSSC RGB-context/DPT + FiLM-DPT depth + spatial encoder + VoxDet TDP/VoxNT,15,roof,18763526,26676062,399674,26276388,18363852,0.008873773604452264,0.8873773604452264,0.014982496291993923,0.021300580711748954,0.017591444711162432
FSSC-VoxDet V1 — FSSC RGB-context/DPT + FiLM-DPT depth + spatial encoder + VoxDet TDP/VoxNT,16,cable,19866,17887,0,17887,19866,0.0,0.0,0.0,0.0,0.0
FSSC-VoxDet V1 — FSSC RGB-context/DPT + FiLM-DPT depth + spatial encoder + VoxDet TDP/VoxNT,17,cable_tower,0,0,0,0,0,,,,,
FSSC-VoxDet V1 — FSSC RGB-context/DPT + FiLM-DPT depth + spatial encoder + VoxDet TDP/VoxNT,18,parking_lot,14342761,10637625,570874,10066751,13771887,0.023387358174141292,2.338735817414129,0.05366555034605939,0.03980223891341423,0.04570577892591411
FSSC-VoxDet V1 — FSSC RGB-context/DPT + FiLM-DPT depth + spatial encoder + VoxDet TDP/VoxNT,19,construction,1626184,1252906,3581,1249325,1622603,0.0012453447372273918,0.12453447372273918,0.0028581553604181,0.002202087832619187,0.002487591565390453
FSSC-VoxDet V1 — FSSC RGB-context/DPT + FiLM-DPT depth + spatial encoder + VoxDet TDP/VoxNT,20,crane,0,2,0,2,0,0.0,0.0,0.0,,0.0
FSSC-VoxDet V1 — FSSC RGB-context/DPT + FiLM-DPT depth + spatial encoder + VoxDet TDP/VoxNT,21,truck,256829,41089,583,40506,256246,0.0019607513410799266,0.19607513410799265,0.014188712307430212,0.002269992874636431,0.003913828637410294
Monocular VoxDet V2 — reference losses and auxiliary head,0,empty,4517581164,4478332527,4034289717,444042810,483291447,0.8130986423277066,81.30986423277065,0.9008463959916213,0.8930198640698954,0.8969160566838524
Monocular VoxDet V2 — reference losses and auxiliary head,1,road,10544769,21805214,191620,21613594,10353149,0.005958636638313959,0.5958636638313959,0.008787806439322265,0.018172043408442612,0.011846683196093178
Monocular VoxDet V2 — reference losses and auxiliary head,2,walkway,13095470,13156213,47319,13108894,13048151,0.0018057679247624556,0.18057679247624556,0.0035967037018935465,0.0036133869192934657,0.003605026009189582
Monocular VoxDet V2 — reference losses and auxiliary head,3,dirt,2388765,5945357,37356,5908001,2351409,0.004502477230284668,0.4502477230284668,0.006283222353174082,0.015638206353492286,0.008964591591051823
Monocular VoxDet V2 — reference losses and auxiliary head,4,gravel,2657293,15303244,29440,15273804,2627853,0.0016418404295063488,0.16418404295063488,0.0019237751159165992,0.011078943872580103,0.0032782984161331035
Monocular VoxDet V2 — reference losses and auxiliary head,5,rock,148455,1881878,158,1881720,148297,7.782580319430591e-05,0.007782580319430591,8.39586838254127e-05,0.0010642955777845139,0.00015563949362001209
Monocular VoxDet V2 — reference losses and auxiliary head,6,grass,14826498,11599343,392796,11206547,14433702,0.01508836173409603,1.508836173409603,0.033863642104557126,0.026492837351072385,0.029728174024811548
Monocular VoxDet V2 — reference losses and auxiliary head,7,vegetation,5404763,27403963,142931,27261032,5261832,0.004375555531405251,0.43755555314052513,0.005215705480262106,0.026445377900936637,0.008712986904764299
Monocular VoxDet V2 — reference losses and auxiliary head,8,tree,6429748,25042905,608781,24434124,5820967,0.01972471244048705,1.972471244048705,0.024309520001772958,0.09468193776801206,0.03868634779533838
Monocular VoxDet V2 — reference losses and auxiliary head,9,ground_obstacle,15318089,15947517,243063,15704454,15075026,0.007835044341787197,0.7835044341787197,0.015241432255566807,0.01586771039128967,0.015548267319686688
Monocular VoxDet V2 — reference losses and auxiliary head,10,person,863,0,0,0,863,0.0,0.0,,0.0,0.0
Monocular VoxDet V2 — reference losses and auxiliary head,11,bicycle,39028,45874,0,45874,39028,0.0,0.0,0.0,0.0,0.0
Monocular VoxDet V2 — reference losses and auxiliary head,12,vehicle,2906439,6174067,92294,6081773,2814145,0.010268338129986253,1.0268338129986252,0.014948655400079072,0.031755010168801064,0.020327942077236667
Monocular VoxDet V2 — reference losses and auxiliary head,13,water,0,7903809,0,7903809,0,0.0,0.0,0.0,,0.0
Monocular VoxDet V2 — reference losses and auxiliary head,14,building,679808594,578102729,251448873,326653856,428359721,0.24983433112680956,24.983433112680956,0.4349553468376725,0.3698818685425445,0.3997879157337071
Monocular VoxDet V2 — reference losses and auxiliary head,15,roof,18763526,74609920,1019923,73589997,17743603,0.011043682654098642,1.1043682654098643,0.013670072290655184,0.05435668114830869,0.0218461038698304
Monocular VoxDet V2 — reference losses and auxiliary head,16,cable,19866,0,0,0,19866,0.0,0.0,,0.0,0.0
Monocular VoxDet V2 — reference losses and auxiliary head,17,cable_tower,0,0,0,0,0,,,,,
Monocular VoxDet V2 — reference losses and auxiliary head,18,parking_lot,14342761,9144575,104447,9040128,14238314,0.004466813318063478,0.44668133180634784,0.011421744586271095,0.007282210168600035,0.008893899248514178
Monocular VoxDet V2 — reference losses and auxiliary head,19,construction,1626184,13702663,7569,13695094,1618615,0.0004940188409870247,0.04940188409870248,0.0005523743815344506,0.004654454846438042,0.000987549813759639
Monocular VoxDet V2 — reference losses and auxiliary head,20,crane,0,0,0,0,0,,,,,
Monocular VoxDet V2 — reference losses and auxiliary head,21,truck,256829,57306,0,57306,256829,0.0,0.0,0.0,0.0,0.0
"FSSC-VoxDet V3 — FiLM-DPT depth + ResNet context, 128-channel volume",0,empty,4517581164,4698843306,4300839739,398003567,216741425,0.8749396001409298,87.49396001409298,0.9152975442931274,0.952022682685331,0.9332989714177086
"FSSC-VoxDet V3 — FiLM-DPT depth + ResNet context, 128-channel volume",1,road,10544769,7051638,227375,6824263,10317394,0.013090827399016824,1.3090827399016824,0.03224428139958404,0.02156282418325143,0.025843344041769436
"FSSC-VoxDet V3 — FiLM-DPT depth + ResNet context, 128-channel volume",2,walkway,13095470,3002450,55147,2947303,13040323,0.003437497993644864,0.3437497993644864,0.01836733334443538,0.004211150878891708,0.00685144416173021
"FSSC-VoxDet V3 — FiLM-DPT depth + ResNet context, 128-channel volume",3,dirt,2388765,7514854,55514,7459340,2333251,0.005637023569509058,0.5637023569509058,0.007387235999528401,0.02323962382235172,0.01121085130597209
"FSSC-VoxDet V3 — FiLM-DPT depth + ResNet context, 128-channel volume",4,gravel,2657293,20759671,44789,20714882,2612504,0.0019163385521458742,0.19163385521458742,0.002157500472912119,0.016855122863756462,0.0038253464454230703
"FSSC-VoxDet V3 — FiLM-DPT depth + ResNet context, 128-channel volume",5,rock,148455,2645667,381,2645286,148074,0.00013637627825915143,0.013637627825915143,0.00014400905329355507,0.002566434273012024,0.000272715364611853
"FSSC-VoxDet V3 — FiLM-DPT depth + ResNet context, 128-channel volume",6,grass,14826498,22566883,1113121,21453762,13713377,0.03068117483171289,3.068117483171289,0.04932542079471055,0.07507646107664805,0.05953572371538161
"FSSC-VoxDet V3 — FiLM-DPT depth + ResNet context, 128-channel volume",7,vegetation,5404763,16518113,190168,16327945,5214595,0.008750313122506409,0.8750313122506409,0.011512695184976638,0.035185261592413954,0.017348818649523905
"FSSC-VoxDet V3 — FiLM-DPT depth + ResNet context, 128-channel volume",8,tree,6429748,5372428,443498,4928930,5986250,0.03904486067832894,3.9044860678328943,0.08255075731121943,0.06897595364546169,0.0751552933967431
"FSSC-VoxDet V3 — FiLM-DPT depth + ResNet context, 128-channel volume",9,ground_obstacle,15318089,51941175,176982,51764193,15141107,0.002638282341080764,0.2638282341080764,0.003407354569857151,0.011553791076680649,0.005262680245802274
"FSSC-VoxDet V3 — FiLM-DPT depth + ResNet context, 128-channel volume",10,person,863,20,0,20,863,0.0,0.0,0.0,0.0,0.0
"FSSC-VoxDet V3 — FiLM-DPT depth + ResNet context, 128-channel volume",11,bicycle,39028,128934,2,128932,39026,1.1907597046915933e-05,0.0011907597046915933,1.5511812245024587e-05,5.124525981346726e-05,2.3814910515473737e-05
"FSSC-VoxDet V3 — FiLM-DPT depth + ResNet context, 128-channel volume",12,vehicle,2906439,6416719,206709,6210010,2699730,0.022674289079004335,2.2674289079004333,0.032214126876991184,0.07112105225673065,0.04434312922724253
"FSSC-VoxDet V3 — FiLM-DPT depth + ResNet context, 128-channel volume",13,water,0,265263,0,265263,0,0.0,0.0,0.0,0.0,0.0
"FSSC-VoxDet V3 — FiLM-DPT depth + ResNet context, 128-channel volume",14,building,679808594,390774551,278888727,111885824,400919867,0.35226814874422924,35.22681487442292,0.7136819076020127,0.4102459566729161,0.5210033957708161
"FSSC-VoxDet V3 — FiLM-DPT depth + ResNet context, 128-channel volume",15,roof,18763526,36773770,491890,36281880,18271636,0.008936077245029313,0.8936077245029314,0.01337611020028678,0.02621522202170317,0.017713862050467852
"FSSC-VoxDet V3 — FiLM-DPT depth + ResNet context, 128-channel volume",16,cable,19866,0,0,0,19866,0.0,0.0,0.0,0.0,0.0
"FSSC-VoxDet V3 — FiLM-DPT depth + ResNet context, 128-channel volume",17,cable_tower,0,0,0,0,0,0.0,0.0,0.0,0.0,0.0
"FSSC-VoxDet V3 — FiLM-DPT depth + ResNet context, 128-channel volume",18,parking_lot,14342761,30927997,838153,30089844,13504608,0.01886346749194651,1.886346749194651,0.027100138427975144,0.05843735386791985,0.0370284500206513
"FSSC-VoxDet V3 — FiLM-DPT depth + ResNet context, 128-channel volume",19,construction,1626184,4207200,8451,4198749,1617733,0.0014508321383267413,0.14508321383267414,0.0020086993725042784,0.005196828895131178,0.0028974605477712426
"FSSC-VoxDet V3 — FiLM-DPT depth + ResNet context, 128-channel volume",20,crane,0,0,0,0,0,0.0,0.0,0.0,0.0,0.0
"FSSC-VoxDet V3 — FiLM-DPT depth + ResNet context, 128-channel volume",21,truck,256829,448465,2456,446009,254373,0.003494404115884457,0.3494404115884457,0.005476458586511768,0.009562783019051587,0.006964471553706681
"FSSC-VoxDet V4 — FiLM-DPT depth + V-JEPA 2.1 DPT context, 128-channel volume",0,empty,4517581164,4704862620,4305306028,399556592,212275136,0.875571570624917,87.5571570624917,0.9150758217038014,0.9530113287855031,0.9336583944202006
"FSSC-VoxDet V4 — FiLM-DPT depth + V-JEPA 2.1 DPT context, 128-channel volume",1,road,10544769,16681152,798333,15882819,9746436,0.03020831867062556,3.020831867062556,0.04785838532015055,0.07570891311132563,0.05864506842578439
"FSSC-VoxDet V4 — FiLM-DPT depth + V-JEPA 2.1 DPT context, 128-channel volume",2,walkway,13095470,6557904,251771,6306133,12843699,0.01297681433848533,1.297681433848533,0.038391992319497206,0.01922580861931645,0.025621147798846142
"FSSC-VoxDet V4 — FiLM-DPT depth + V-JEPA 2.1 DPT context, 128-channel volume",3,dirt,2388765,1139928,9788,1130140,2378977,0.00278154710058953,0.278154710058953,0.008586507217999733,0.004097514824606021,0.005547663114926688
"FSSC-VoxDet V4 — FiLM-DPT depth + V-JEPA 2.1 DPT context, 128-channel volume",4,gravel,2657293,8560554,49154,8511400,2608139,0.0044010521195273255,0.44010521195273256,0.005741918104832935,0.018497771980733775,0.008763535462731842
"FSSC-VoxDet V4 — FiLM-DPT depth + V-JEPA 2.1 DPT context, 128-channel volume",5,rock,148455,3962182,948,3961234,147507,0.0002306743892299393,0.02306743892299393,0.00023926210355808996,0.006385773466707083,0.00046124238165520337
"FSSC-VoxDet V4 — FiLM-DPT depth + V-JEPA 2.1 DPT context, 128-channel volume",6,grass,14826498,26646059,835302,25810757,13991196,0.02055507932314818,2.0555079323148178,0.03134805038148418,0.056338455648798524,0.04028215573975822
"FSSC-VoxDet V4 — FiLM-DPT depth + V-JEPA 2.1 DPT context, 128-channel volume",7,vegetation,5404763,14148895,205459,13943436,5199304,0.01061902454073374,1.061902454073374,0.014521204659445137,0.03801443282526912,0.021014891433613087
"FSSC-VoxDet V4 — FiLM-DPT depth + V-JEPA 2.1 DPT context, 128-channel volume",8,tree,6429748,8063887,1157735,6906152,5272013,0.08681341341791705,8.681341341791706,0.14357034020938042,0.18005915628419653,0.15975771433460273
"FSSC-VoxDet V4 — FiLM-DPT depth + V-JEPA 2.1 DPT context, 128-channel volume",9,ground_obstacle,15318089,24705111,72864,24632247,15245225,0.0018238645101758342,0.1823864510175834,0.002949349225753327,0.004756729119409085,0.00364108816886206
"FSSC-VoxDet V4 — FiLM-DPT depth + V-JEPA 2.1 DPT context, 128-channel volume",10,person,863,152946,0,152946,863,0.0,0.0,0.0,0.0,0.0
"FSSC-VoxDet V4 — FiLM-DPT depth + V-JEPA 2.1 DPT context, 128-channel volume",11,bicycle,39028,1170160,1883,1168277,37145,0.0015596721623781895,0.15596721623781895,0.0016091816503725986,0.04824741211437942,0.0031144867464778015
"FSSC-VoxDet V4 — FiLM-DPT depth + V-JEPA 2.1 DPT context, 128-channel volume",12,vehicle,2906439,3427758,251318,3176440,2655121,0.041315633600471094,4.131563360047109,0.07331847814227259,0.08646938745316864,0.07935275773708965
"FSSC-VoxDet V4 — FiLM-DPT depth + V-JEPA 2.1 DPT context, 128-channel volume",13,water,0,162164,0,162164,0,0.0,0.0,0.0,0.0,0.0
"FSSC-VoxDet V4 — FiLM-DPT depth + V-JEPA 2.1 DPT context, 128-channel volume",14,building,679808594,430999451,306087429,124912022,373721165,0.3803648408083036,38.036484080830355,0.7101805542671097,0.45025530965853017,0.551107692058532
"FSSC-VoxDet V4 — FiLM-DPT depth + V-JEPA 2.1 DPT context, 128-channel volume",15,roof,18763526,32907640,535005,32372635,18228521,0.010462361458851007,1.0462361458851008,0.01625777479029186,0.02851303107955296,0.020708067629052536
"FSSC-VoxDet V4 — FiLM-DPT depth + V-JEPA 2.1 DPT context, 128-channel volume",16,cable,19866,13843,0,13843,19866,0.0,0.0,0.0,0.0,0.0
"FSSC-VoxDet V4 — FiLM-DPT depth + V-JEPA 2.1 DPT context, 128-channel volume",17,cable_tower,0,0,0,0,0,0.0,0.0,0.0,0.0,0.0
"FSSC-VoxDet V4 — FiLM-DPT depth + V-JEPA 2.1 DPT context, 128-channel volume",18,parking_lot,14342761,19223732,659891,18563841,13682870,0.02005345310342283,2.005345310342283,0.03432689344608009,0.046008645057949445,0.03931843579846129
"FSSC-VoxDet V4 — FiLM-DPT depth + V-JEPA 2.1 DPT context, 128-channel volume",19,construction,1626184,2688168,5492,2682676,1620692,0.001274583068375394,0.1274583068375394,0.0020430270727127176,0.00337723160478765,0.0025459211487611584
"FSSC-VoxDet V4 — FiLM-DPT depth + V-JEPA 2.1 DPT context, 128-channel volume",20,crane,0,0,0,0,0,0.0,0.0,0.0,0.0,0.0
"FSSC-VoxDet V4 — FiLM-DPT depth + V-JEPA 2.1 DPT context, 128-channel volume",21,truck,256829,84950,0,84950,256829,0.0,0.0,0.0,0.0,0.0
FSSC-VoxDet V5 — corrected VoxNT/evaluation,0,empty,4517581164,4668822355,4284317685,384504670,233263479,0.8739785124292868,87.39785124292868,0.9176441850291818,0.9483654038451272,0.9327519036451768
FSSC-VoxDet V5 — corrected VoxNT/evaluation,1,road,10544769,20370306,1126480,19243826,9418289,0.03781581507956317,3.781581507956317,0.05530010202104966,0.10682832407234336,0.07287577338887259
FSSC-VoxDet V5 — corrected VoxNT/evaluation,2,walkway,13095470,6218833,288952,5929881,12806518,0.015187735563985127,1.5187735563985127,0.046464023073139286,0.02206503470283999,0.029921038310313345
FSSC-VoxDet V5 — corrected VoxNT/evaluation,3,dirt,2388765,721107,8046,713061,2380719,0.00259395594723882,0.259395594723882,0.011157844813599091,0.0033682677031855375,0.005174489496673818
FSSC-VoxDet V5 — corrected VoxNT/evaluation,4,gravel,2657293,4401964,33487,4368477,2623806,0.00476631031189464,0.476631031189464,0.0076072862022497235,0.012601922332238108,0.00948740072786697
FSSC-VoxDet V5 — corrected VoxNT/evaluation,5,rock,148455,7728645,2012,7726633,146443,0.0002554892085015431,0.02554892085015431,0.0002603302390004975,0.013552928496850898,0.0005108479008772264
FSSC-VoxDet V5 — corrected VoxNT/evaluation,6,grass,14826498,31650167,1516980,30133187,13309518,0.033740894759382765,3.3740894759382765,0.04792960492119994,0.10231546249154723,0.06527921054576528
FSSC-VoxDet V5 — corrected VoxNT/evaluation,7,vegetation,5404763,17403709,269028,17134681,5135735,0.011935875614323051,1.193587561432305,0.015458084250891577,0.049776095640086344,0.02359018175351685
FSSC-VoxDet V5 — corrected VoxNT/evaluation,8,tree,6429748,8223335,1352886,6870449,5076862,0.10171924521117995,10.171924521117996,0.16451792368911153,0.21041042355003647,0.18465547489221207
FSSC-VoxDet V5 — corrected VoxNT/evaluation,9,ground_obstacle,15318089,40608667,179078,40429589,15139011,0.003212295227794062,0.3212295227794062,0.004409846794527878,0.011690622766325487,0.006404018856377081
FSSC-VoxDet V5 — corrected VoxNT/evaluation,10,person,863,3135,0,3135,863,0.0,0.0,0.0,0.0,0.0
FSSC-VoxDet V5 — corrected VoxNT/evaluation,11,bicycle,39028,976386,1769,974617,37259,0.001745186924416339,0.1745186924416339,0.0018117834544944314,0.045326432305011786,0.0034842931060631425
FSSC-VoxDet V5 — corrected VoxNT/evaluation,12,vehicle,2906439,5078058,411382,4666676,2495057,0.05432137238111398,5.432137238111398,0.08101167808638657,0.14154159092965654,0.10304518869504241
FSSC-VoxDet V5 — corrected VoxNT/evaluation,13,water,0,1578000,0,1578000,0,0.0,0.0,0.0,0.0,0.0
FSSC-VoxDet V5 — corrected VoxNT/evaluation,14,building,679808594,436763751,303622191,133141560,376186403,0.37348192814291536,37.34819281429154,0.6951634385977238,0.44662893890982497,0.5438468763078671
FSSC-VoxDet V5 — corrected VoxNT/evaluation,15,roof,18763526,33806861,542405,33264456,18221121,0.010425255394299168,1.0425255394299167,0.01604422841860414,0.02890741324418449,0.020635381664586186
FSSC-VoxDet V5 — corrected VoxNT/evaluation,16,cable,19866,14,0,14,19866,0.0,0.0,0.0,0.0,0.0
FSSC-VoxDet V5 — corrected VoxNT/evaluation,17,cable_tower,0,0,0,0,0,0.0,0.0,0.0,0.0,0.0
FSSC-VoxDet V5 — corrected VoxNT/evaluation,18,parking_lot,14342761,18408283,811873,17596410,13530888,0.02541935105328814,2.541935105328814,0.044103678762435365,0.05660507066944782,0.04957845007933182
FSSC-VoxDet V5 — corrected VoxNT/evaluation,19,construction,1626184,3122953,13579,3109374,1612605,0.002867455112998299,0.2867455112998299,0.004348128197894749,0.008350223590934359,0.005718512647666303
FSSC-VoxDet V5 — corrected VoxNT/evaluation,20,crane,0,6,0,6,0,0.0,0.0,0.0,0.0,0.0
FSSC-VoxDet V5 — corrected VoxNT/evaluation,21,truck,256829,272569,3838,268731,252991,0.0073026866580409465,0.7302686658040947,0.014080838246462364,0.014943795287915305,0.014499488097801655
FSSC-VoxDet V5 v2 — long-tail/depth-gradient/full-resolution VoxNT/cosine,0,empty,4517581164,4386584929,4134348447,252236482,383232717,0.8667728525150414,86.67728525150414,0.9424982107761215,0.9151686039303665,0.9286323736144618
FSSC-VoxDet V5 v2 — long-tail/depth-gradient/full-resolution VoxNT/cosine,1,road,10544769,32849749,1928116,30921633,8616653,0.046498271058096625,4.6498271058096625,0.058694999465597135,0.1828504730639429,0.08886449666291948
FSSC-VoxDet V5 v2 — long-tail/depth-gradient/full-resolution VoxNT/cosine,2,walkway,13095470,24099232,940817,23158415,12154653,0.025950791204859838,2.595079120485984,0.039039293866294164,0.07184293499966019,0.05058876395891006
FSSC-VoxDet V5 v2 — long-tail/depth-gradient/full-resolution VoxNT/cosine,3,dirt,2388765,1007623,16500,991123,2372265,0.004881818569136019,0.48818185691360194,0.016375172063361,0.006907334961789879,0.009716204391253296
FSSC-VoxDet V5 v2 — long-tail/depth-gradient/full-resolution VoxNT/cosine,4,gravel,2657293,2858032,91379,2766653,2565914,0.016847328494789586,1.6847328494789586,0.03197270009573021,0.034388003129500584,0.03313639722047205
FSSC-VoxDet V5 v2 — long-tail/depth-gradient/full-resolution VoxNT/cosine,5,rock,148455,364984,29,364955,148426,5.648507041156191e-05,0.005648507041156191,7.945553777699845e-05,0.00019534539085918292,0.00011296376005718304
FSSC-VoxDet V5 v2 — long-tail/depth-gradient/full-resolution VoxNT/cosine,6,grass,14826498,56364216,3943666,52420550,10882832,0.05864444785739888,5.864444785739888,0.06996754820469782,0.26598769311539383,0.11079158441928257
FSSC-VoxDet V5 v2 — long-tail/depth-gradient/full-resolution VoxNT/cosine,7,vegetation,5404763,11761582,451791,11309791,4952972,0.027029796906336837,2.7029796906336836,0.038412434653773614,0.08359126940441236,0.052636830961978215
FSSC-VoxDet V5 v2 — long-tail/depth-gradient/full-resolution VoxNT/cosine,8,tree,6429748,22168300,2337750,19830550,4091998,0.08902221901670727,8.902221901670728,0.10545463567346165,0.36358345614789256,0.16349017946959177
FSSC-VoxDet V5 v2 — long-tail/depth-gradient/full-resolution VoxNT/cosine,9,ground_obstacle,15318089,71667602,514830,71152772,14803259,0.005953797545742027,0.5953797545742028,0.0071835806645239786,0.033609283769013225,0.01183711927976752
FSSC-VoxDet V5 v2 — long-tail/depth-gradient/full-resolution VoxNT/cosine,10,person,863,0,0,0,863,0.0,0.0,0.0,0.0,0.0
FSSC-VoxDet V5 v2 — long-tail/depth-gradient/full-resolution VoxNT/cosine,11,bicycle,39028,0,0,0,39028,0.0,0.0,0.0,0.0,0.0
FSSC-VoxDet V5 v2 — long-tail/depth-gradient/full-resolution VoxNT/cosine,12,vehicle,2906439,7385463,523274,6862189,2383165,0.0535667854278001,5.35667854278001,0.07085188836502193,0.18003956043804809,0.10168654928894581
FSSC-VoxDet V5 v2 — long-tail/depth-gradient/full-resolution VoxNT/cosine,13,water,0,14632,0,14632,0,0.0,0.0,0.0,0.0,0.0
FSSC-VoxDet V5 v2 — long-tail/depth-gradient/full-resolution VoxNT/cosine,14,building,679808594,615687260,397086079,218601181,282722515,0.44198770989552066,44.19877098955207,0.6449476947111104,0.5841145323914514,0.6130256268654952
FSSC-VoxDet V5 v2 — long-tail/depth-gradient/full-resolution VoxNT/cosine,15,roof,18763526,32214350,660083,31554267,18103443,0.013118282035939056,1.3118282035939055,0.020490340484908123,0.03517904896979385,0.02589684199475082
FSSC-VoxDet V5 v2 — long-tail/depth-gradient/full-resolution VoxNT/cosine,16,cable,19866,0,0,0,19866,0.0,0.0,0.0,0.0,0.0
FSSC-VoxDet V5 v2 — long-tail/depth-gradient/full-resolution VoxNT/cosine,17,cable_tower,0,0,0,0,0,0.0,0.0,0.0,0.0,0.0
FSSC-VoxDet V5 v2 — long-tail/depth-gradient/full-resolution VoxNT/cosine,18,parking_lot,14342761,34816941,2130962,32685979,12211799,0.04531190927079909,4.5311909270799084,0.061204745126804794,0.1485740437284007,0.08669548078220653
FSSC-VoxDet V5 v2 — long-tail/depth-gradient/full-resolution VoxNT/cosine,19,construction,1626184,6254138,21555,6232583,1604629,0.002742796675356325,0.2742796675356325,0.0034465181292769684,0.013254957618572068,0.005470588638383051
FSSC-VoxDet V5 v2 — long-tail/depth-gradient/full-resolution VoxNT/cosine,20,crane,0,271,0,271,0,0.0,0.0,0.0,0.0,0.0
FSSC-VoxDet V5 v2 — long-tail/depth-gradient/full-resolution VoxNT/cosine,21,truck,256829,59800,14,59786,256815,4.421774078928667e-05,0.004421774078928667,0.00023411371237458194,5.451097812162957e-05,8.843157133427451e-05

