class,test_gt_voxels,foundation_ssc_iou_percent,monocular_voxdet_iou_percent,multiview_voxdet_mean_percent,multiview_voxdet_sample_sd_percent,test_gt_present
road,10544769,3.681100877312034,4.6498271058096625,5.338703009507068,1.074700008549099,True
walkway,13095470,1.5807964477669496,2.595079120485984,4.155578822142495,0.748877180476906,True
dirt,2388765,0.12984682421571314,0.48818185691360194,1.3189685333003796,0.46835840873168016,True
gravel,2657293,0.7200649468531197,1.6847328494789586,2.651332015514204,0.852640841740134,True
rock,148455,0.026303724089142024,0.005648507041156191,0.013953980409884935,0.004513137295844066,True
grass,14826498,3.0210919977521273,5.864444785739888,6.624982035200212,0.7697212156383753,True
vegetation,5404763,1.0279269164204594,2.7029796906336836,3.1006125965044053,0.4148318796213558,True
tree,6429748,10.995257213203692,8.902221901670728,11.107059243036872,0.8605177354364844,True
ground obstacle,15318089,0.14144328361175024,0.5953797545742028,1.8434854765604307,0.31116176987438615,True
person,863,0.0,0.0,0.0,0.0,True
bicycle,39028,0.0,0.0,0.0,0.0,True
vehicle,2906439,4.585271921653787,5.35667854278001,9.066930381514803,0.5956069015585465,True
water,0,N/A,N/A,N/A,N/A,False
building,679808594,32.96087860226328,44.19877098955207,46.13422223362795,1.6043408663995673,True
roof,18763526,1.1237744213616634,1.3118282035939055,2.000432220643645,0.14140573860930622,True
cable,19866,0.0,0.0,0.0,0.0,True
cable tower,0,N/A,N/A,N/A,N/A,False
parking lot,14342761,2.663372786342781,4.5311909270799084,7.073590761932249,0.48306750030766127,True
construction,1626184,0.07079133325097581,0.2742796675356325,0.32642794029295547,0.08425653651580972,True
crane,0,N/A,N/A,N/A,N/A,False
truck,256829,0.0,0.004421774078928667,0.094945153128575,0.07847840016096397,True
