treatment,seed,observed_epochs,selected_epoch,sc_iou_pct,gt_present_miou_pct,fixed21_miou_pct,union_present_miou_pct,sc_precision_pct,sc_recall_pct
vjepa21,42,9,2,45.7703,4.6203,3.9603,4.1583,58.3250,68.0138
vjepa21,43,20,13,43.2171,4.0801,3.4972,3.6721,61.0525,59.6671
vjepa21,44,20,12,43.7349,4.2186,3.6159,3.9965,60.6636,61.0476
vjepa21_mean,all,,,44.2408,4.3063,3.6911,3.9423,60.0137,62.9095
vjepa21_sample_sd,all,,,1.3497,0.2806,0.2405,0.2476,1.4753,4.4740
dinov3,42,20,9,46.9687,4.4605,3.8233,4.2257,60.7657,67.4121
dinov3,43,20,6,47.0455,5.3019,4.5445,5.0229,59.6377,69.0220
dinov3,44,20,5,47.8721,5.2682,4.5156,4.9909,60.2697,69.9453
dinov3_mean,all,,,47.2954,5.0102,4.2945,4.7465,60.2244,68.7931
dinov3_sample_sd,all,,,0.5009,0.4764,0.4083,0.4513,0.5654,1.2820
